<?xml version="1.0" encoding="UTF-8"?>
<dataroot xmlns:od="urn:schemas-microsoft-com:officedata" xmlns:xsi="http://www.w3.org/2001/XMLSchema-instance"  xsi:noNamespaceSchemaLocation="works.xsd" generated="2014-02-18T12:20:40">
<works>
<workID>1</workID>
<BYlink>http://benyehuda.org/berdi/maxanayim2.html</BYlink>
<work_name>מחניים</work_name>
<author>מיכה יוסף ברדיצ&apos;בסקי</author>
<year_written>1900</year_written>
<is_translated>no</is_translated>
<info_link>http://library.osu.edu/projects/hebrew-lexicon/02020.php</info_link>
</works>
<works>
<workID>2</workID>
<BYlink>http://benyehuda.org/berdi/orva3.html</BYlink>
<work_name>עורבא פרח</work_name>
<author>מיכה יוסף ברדיצ&apos;בסקי</author>
<is_translated>no</is_translated>
<info_link>http://library.osu.edu/projects/hebrew-lexicon/02020.php</info_link>
</works>
<works>
<workID>3</workID>
<BYlink>http://benyehuda.org/bialik/article02.html</BYlink>
<work_name>גילוי וכיסוי בלשון</work_name>
<author>חיים נחמן ביאליק</author>
<year_written>1915</year_written>
<is_translated>no</is_translated>
<info_link>http://library.osu.edu/projects/hebrew-lexicon/02003.php</info_link>
</works>
<works>
<workID>4</workID>
<BYlink>http://benyehuda.org/bialik/hagader.html</BYlink>
<work_name>מאחורי הגדר</work_name>
<author>חיים נחמן ביאליק</author>
<year_written>1909</year_written>
<is_translated>no</is_translated>
<info_link>http://library.osu.edu/projects/hebrew-lexicon/02003.php</info_link>
</works>
<works>
<workID>5</workID>
<BYlink>http://benyehuda.org/brenner/baxoref.html</BYlink>
<work_name>בחורף</work_name>
<author>יוסף חיים ברנר</author>
<year_written>1903</year_written>
<is_translated>no</is_translated>
<info_link>http://library.osu.edu/projects/hebrew-lexicon/02001.php</info_link>
</works>
<works>
<workID>6</workID>
<BYlink>http://benyehuda.org/brenner/misaviv3.html</BYlink>
<work_name>מסביב לנקודה</work_name>
<author>יוסף חיים ברנר</author>
<year_written>1904</year_written>
<is_translated>no</is_translated>
<info_link>http://library.osu.edu/projects/hebrew-lexicon/02001.php</info_link>
</works>
<works>
<workID>7</workID>
<BYlink>http://benyehuda.org/brenner/misaviv7.html</BYlink>
<work_name>מסביב לנקודה</work_name>
<author>יוסף חיים ברנר</author>
<year_written>1904</year_written>
<is_translated>no</is_translated>
<info_link>http://library.osu.edu/projects/hebrew-lexicon/02001.php</info_link>
</works>
<works>
<workID>8</workID>
<BYlink>http://benyehuda.org/brenner/misaviv16.html</BYlink>
<work_name>מסביב לנקודה</work_name>
<author>יוסף חיים ברנר</author>
<year_written>1904</year_written>
<is_translated>no</is_translated>
<info_link>http://library.osu.edu/projects/hebrew-lexicon/02001.php</info_link>
</works>
<works>
<workID>9</workID>
<BYlink>http://benyehuda.org/ginzberg/letters_1899.html</BYlink>
<work_name>אגרות: שנת 1899</work_name>
<author>אחד העם</author>
<year_written>1899</year_written>
<year_span>1856-1927</year_span>
<other_author_names>אשר צבי גרינברג</other_author_names>
<is_translated>no</is_translated>
<info_link>http://library.osu.edu/projects/hebrew-lexicon/00242.php</info_link>
</works>
<works>
<workID>10</workID>
<BYlink>http://benyehuda.org/ginzberg/letters_1916.html</BYlink>
<work_name>איגרות: שנת 1916</work_name>
<author>אחד העם</author>
<year_written>1916</year_written>
<is_translated>no</is_translated>
<info_link>http://library.osu.edu/projects/hebrew-lexicon/00242.php</info_link>
</works>
<works>
<workID>11</workID>
<BYlink>http://benyehuda.org/herzl/herzl_003.html</BYlink>
<work_name>מדינת היהודים</work_name>
<author>תיאודור הרצל (תר)</author>
<year_written>1896</year_written>
<is_translated>yes</is_translated>
<info_link>http://he.wikipedia.org/wiki/%D7%91%D7%A0%D7%99%D7%9E%D7%99%D7%9F_%D7%96%D7%90%D7%91_%D7%94%D7%A8%D7%A6%D7%9C</info_link>
</works>
<works>
<workID>12</workID>
<BYlink>http://benyehuda.org/herzl/tel_aviv.html</BYlink>
<work_name>תל-אביב (רומן)</work_name>
<author>תיאודור הרצל (תר)</author>
<year_written>1902</year_written>
<translator>נחום סוקולוב</translator>
<translation_year>1902</translation_year>
<is_translated>yes</is_translated>
<info_link>http://he.wikipedia.org/wiki/%D7%91%D7%A0%D7%99%D7%9E%D7%99%D7%9F_%D7%96%D7%90%D7%91_%D7%94%D7%A8%D7%A6%D7%9C</info_link>
</works>
<works>
<workID>13</workID>
<BYlink>http://benyehuda.org/mos/book_of_beggars.html</BYlink>
<work_name>ספר הקבצנים</work_name>
<author>מנדלי מוכר ספרים</author>
<year_written>1869</year_written>
<is_translated>no</is_translated>
<info_link>http://library.osu.edu/projects/hebrew-lexicon/02002.php</info_link>
</works>
<works>
<workID>14</workID>
<BYlink>http://benyehuda.org/mos/haavot_vehabanim.html</BYlink>
<work_name>האבות והבנים</work_name>
<author>מנדלי מוכר ספרים</author>
<year_written>1868</year_written>
<is_translated>no</is_translated>
<info_link>http://library.osu.edu/projects/hebrew-lexicon/02002.php</info_link>
</works>
<works>
<workID>15</workID>
<BYlink>http://benyehuda.org/ramxal/mesilat_yesharim.html</BYlink>
<work_name>מסילת ישרים</work_name>
<author>משה חיים לוצאטו</author>
<year_written>1740</year_written>
<is_translated>no</is_translated>
<info_link>http://library.osu.edu/projects/hebrew-lexicon/02131.php</info_link>
</works>
</dataroot>
